-- phpMyAdmin SQL Dump
-- version 5.2.1
-- https://www.phpmyadmin.net/
--
-- Host: 127.0.0.1
-- Generation Time: Apr 07, 2024 at 06:54 PM
-- Server version: 10.4.32-MariaDB
-- PHP Version: 8.2.12

SET SQL_MODE = "NO_AUTO_VALUE_ON_ZERO";
START TRANSACTION;
SET time_zone = "+00:00";


/*!40101 SET @OLD_CHARACTER_SET_CLIENT=@@CHARACTER_SET_CLIENT */;
/*!40101 SET @OLD_CHARACTER_SET_RESULTS=@@CHARACTER_SET_RESULTS */;
/*!40101 SET @OLD_COLLATION_CONNECTION=@@COLLATION_CONNECTION */;
/*!40101 SET NAMES utf8mb4 */;

--
-- Database: `registration_system`
--

DELIMITER $$
--
-- Procedures
--
CREATE DEFINER=`root`@`localhost` PROCEDURE `InsertYear` ()   BEGIN
  DECLARE counter INT DEFAULT 0;
  DECLARE max_counter INT DEFAULT 5; -- Set the desired number of inserts

  WHILE counter < max_counter DO
    INSERT INTO `year` () VALUES ();
    SET counter = counter + 1;
  END WHILE;
END$$

DELIMITER ;

-- --------------------------------------------------------

--
-- Table structure for table `area`
--

CREATE TABLE `area` (
  `Area_id` int(10) NOT NULL,
  `Area_name` varchar(255) NOT NULL
) ENGINE=InnoDB DEFAULT CHARSET=utf8 COLLATE=utf8_general_ci;

--
-- Dumping data for table `area`
--

INSERT INTO `area` (`Area_id`, `Area_name`) VALUES
(1, 'ภาคเหนือ'),
(2, 'ภาคกลาง'),
(3, 'ภาคตะวันออกเฉียงเหนือ'),
(4, 'ภาคตะวันออก'),
(5, 'ภาคตะวันตก'),
(6, 'ภาคใต้');

-- --------------------------------------------------------

--
-- Table structure for table `courses`
--

CREATE TABLE `courses` (
  `Course_ID` int(10) NOT NULL,
  `Course_Code` varchar(10) NOT NULL,
  `Course_Name` varchar(255) NOT NULL,
  `Group` int(2) NOT NULL,
  `Credit` int(2) NOT NULL,
  `Format` varchar(10) NOT NULL,
  `Time` varchar(50) NOT NULL
) ENGINE=InnoDB DEFAULT CHARSET=utf8 COLLATE=utf8_general_ci;

--
-- Dumping data for table `courses`
--

INSERT INTO `courses` (`Course_ID`, `Course_Code`, `Course_Name`, `Group`, `Credit`, `Format`, `Time`) VALUES
(1, '001211', 'การฟังและการพูดภาษาอังกฤษเพื่อการสื่อสาร', 1, 3, 'A-F', 'MON:8.00-10.00'),
(2, '001211', 'การฟังและการพูดภาษาอังกฤษเพื่อการสื่อสาร', 2, 3, 'A-F', 'TUE:8.00-10.00'),
(3, '001212', 'การอ่านภาษาอังกฤษเชิงวิเคราะห์เพื่อการสื่อสารอย่างมีประสิทธิภาพ', 1, 3, 'A-F', 'MON:8.00-10.00'),
(4, '001212', 'การอ่านภาษาอังกฤษเชิงวิเคราะห์เพื่อการสื่อสารอย่างมีประสิทธิภาพ', 2, 3, 'A-F', 'TUE:8.00-10.00'),
(5, '001213', 'การเขียนภาษาอังกฤษเพื่อการสื่อสารอย่างมีประสิทธิภาพ', 1, 3, 'A-F', 'MON:8.00-10.00'),
(6, '001213', 'การเขียนภาษาอังกฤษเพื่อการสื่อสารอย่างมีประสิทธิภาพ', 2, 3, 'A-F', 'TUE:8.00-10.00'),
(7, '001301', 'ภาษาไทยเพื่อการสื่อสารเชิงวิชาการ', 1, 3, 'A-F', 'MON:8.00-10.00'),
(8, '001301', 'ภาษาไทยเพื่อการสื่อสารเชิงวิชาการ', 2, 3, 'A-F', 'TUE:8.00-10.00'),
(9, '001302', 'ภาษาไทยเพื่อการสื่อสารในศตวรรษที่ 21', 1, 3, 'A-F', 'MON:8.00-10.00'),
(10, '001302', 'ภาษาไทยเพื่อการสื่อสารในศตวรรษที่ 21', 2, 3, 'A-F', 'TUE:8.00-10.00'),
(11, '001303', 'การอ่านในยุคดิจิทัล Reading in the Digital Age Century', 1, 3, 'A-F', 'MON:10.00-12.00'),
(12, '001311', 'ภาษาเกาหลีเพื่อการสื่อสาร', 1, 3, 'A-F', 'MON:8.00-10.00'),
(13, '001312', 'ภาษาญี่ปุ่นเพื่อการสื่อสาร', 1, 3, 'A-F', 'MON:8.00-10.00'),
(14, '001313', 'ภาษาจีนเพื่อการสื่อสาร', 1, 3, 'A-F', 'MON:8.00-10.00'),
(15, '001314', 'ภาษาพม่าเพื่อการสื่อสาร', 1, 3, 'A-F', 'MON:8.00-10.00'),
(16, '001315', 'ภาษาฝรั่งเศสเพื่อการสื่อสาร', 1, 3, 'A-F', 'MON:8.00-10.00'),
(17, '001316', 'ภาษาสเปนเพื่อการสื่อสาร', 1, 3, 'A-F', 'MON:8.00-10.00'),
(18, '001317', 'ภาษาลาวเพื่อการสื่อสาร', 1, 3, 'A-F', 'MON:8.00-10.00'),
(19, '001318', 'ภาษาอินโดนีเซียเพื่อการสื่อสาร', 1, 3, 'A-F', 'MON:8.00-10.00'),
(20, '001319', 'ภาษาเวียดนามเพื่อการสื่อสาร', 1, 3, 'A-F', 'MON:8.00-10.00'),
(21, '001320', 'ภาษาฮินดีเพื่อการสื่อสาร', 1, 3, 'A-F+', 'MON:8.00-10.00'),
(22, '001321', 'ภาษาเขมรเพื่อการสื่อสาร', 1, 3, 'A-F', 'MON:8.00-10.00'),
(23, '001221', 'สารสนเทศศาสตร์เพื่อการศึกษาค้นคว้า', 1, 3, 'A-F', 'MON:10.00-12.00'),
(24, '001221', 'สารสนเทศศาสตร์เพื่อการศึกษาค้นคว้า', 2, 3, 'A-F', 'TUE:10.00-12.00'),
(25, '001222', 'ภาษา สังคมและวัฒนธรรม Language, Society and Culture', 1, 3, 'A-F', 'WED:10.00-12.00'),
(26, '001224', 'ศิลปะในชีวิตประจำวัน Arts in Daily Life', 1, 3, 'A-F', 'WED:10.00-12.00'),
(27, '001226', 'วิถีชีวิตในยุคดิจิทัล Ways of Living in the Digital Age', 1, 3, 'A-F', 'WED:10.00-12.00'),
(28, '001227', 'ดนตรีในวิถีชีวิตไทยศึกษา Music Studies in Thai way of life', 1, 3, 'A-F', 'WED:10.00-12.00'),
(29, '001228', 'ความสุขกับงานอดิเรก Happiness with Hobbies', 1, 3, 'A-F', 'WED:10.00-12.00'),
(30, '001238', 'การรู้เท่าทันสื่อ Media Literacy', 1, 3, 'A-F', 'WED:10.00-12.00'),
(31, '001241', 'ดนตรีตะวันตกในชีวิตประจำวัน Western Music in Daily Life', 1, 3, 'A-F', 'WED:10.00-12.00'),
(32, '001242', 'การคิดเชิงสร้างสรรค์และนวัตกรรม Creative Thinking and Innovation', 1, 3, 'A-F', 'WED:10.00-12.00'),
(33, '001253', 'การเป็นผู้ประกอบการธุรกิจก่อตั้งใหม่ขนาดย่อม Entrepreneurship for Small Business Start-up', 1, 3, 'A-F', 'WED:10.00-12.00'),
(34, '001276', 'พลังงานและเทคโนโลยีใกล้ตัว Energy and Technology around Us', 1, 3, 'A-F', 'WED:10.00-12.00'),
(35, '001331', 'นวัตกรรมเพื่อสังคม Social Innovation', 1, 3, 'A-F', 'WED:10.00-12.00'),
(36, '001332', 'การจัดการข้อมูลเบื้องต้นในยุคดิจิทัล Introduction to Data Management in Digital Era', 1, 3, 'A-F', 'WED:10.00-12.00'),
(37, '001231', 'ปรัชญาชีวิตเพื่อวิถีพอเพียงในชีวิตประจำวัน Philosophy of Life for Sufficient Living', 1, 3, 'A-F', 'WED:10.00-12.00'),
(38, '001232', 'กฎหมายพื้นฐานเพื่อคุณภาพชีวิต Fundamental Laws for Quality of Life', 1, 3, 'A-F', 'WED:10.00-12.00'),
(39, '001233', 'ไทยกับประชาคมโลก Thai State and the World Community', 1, 3, 'A-F', 'WED:10.00-12.00'),
(40, '001234', 'อารยธรรมและภูมิปัญญาท้องถิ่น Civilization and Local Wisdom', 1, 3, 'A-F', 'WED:10.00-12.00'),
(41, '001235', 'การเมือง เศรษฐกิจ และสังคม Politics, Economy and Society', 1, 3, 'A-F', 'WED:10.00-12.00'),
(42, '001236', 'การจัดการการด าเนินชีวิต Living Management', 1, 3, 'A-F', 'WED:10.00-12.00'),
(43, '001237', 'ทักษะชีวิต Life Skills', 1, 3, 'A-F', 'WED:10.00-12.00'),
(44, '001239', 'ภาวะผู้นำกับความรัก Leadership and Compassion', 1, 3, 'A-F', 'THU:13.00-15.00'),
(45, '001251', 'พลวัตกลุ่มและการท างานเป็นทีม Group Dynamics and Teamwork', 1, 3, 'A-F', 'THU:13.00-15.00'),
(46, '001252', 'นเรศวรศึกษา Naresuan Studies', 1, 3, 'A-F', 'THU:13.00-15.00'),
(47, '001254', 'ศาสตร์พระราชาเพื่อการด ารงชีวิต The King’s Philosophy for Living', 1, 3, 'A-F', 'THU:13.00-15.00'),
(48, '001351', 'น้อมนำหลักปรัชญาของเศรษฐกิจพอเพียงสู่การปฏิบัติ From Sufficiency Economy Philosophy (SEP) to Practice', 1, 3, 'A-F', 'THU:13.00-15.00'),
(49, '001352', 'สันติภาพ ศาสนา เพื่อมนุษยชาติ Peace and Religion for Human Kinds', 1, 3, 'A-F', 'THU:13.00-15.00'),
(50, '001353', 'การบัญชีเบื้องต้นสำหรับผู้ประกอบการ Principles of Accounting for Entrepreneur', 1, 3, 'A-F', 'THU:13.00-15.00'),
(51, '001271', 'มนุษย์กับสิ่งแวดล้อม Man and Environment', 1, 3, 'A-F', 'THU:13.00-15.00'),
(52, '001272', 'คอมพิวเตอร์สารสนเทศขั้นพื้นฐาน Introduction to Computer Information Science', 1, 3, 'A-F', 'THU:13.00-15.00'),
(53, '001273', 'คณิตศาสตร์และสถิติในชีวิตประจำวัน Mathematics and Statistics in Everyday Life', 1, 3, 'A-F', 'THU:13.00-15.00'),
(54, '001274', 'ยาและสารเคมีในชีวิตประจำวัน Drugs and Chemicals in Daily Life', 1, 3, 'A-F', 'THU:13.00-15.00'),
(55, '001275', 'อาหารและวิถีชีวิต Food and Life Style', 1, 3, 'A-F', 'THU:13.00-15.00'),
(56, '001277', 'พฤติกรรมมนุษย์ Human Behavior', 1, 3, 'A-F', 'THU:13.00-15.00'),
(57, '001278', 'ชีวิตและสุขภาพ Life and Health', 1, 3, 'A-F', 'THU:13.00-15.00'),
(58, '001279', 'วิทยาศาสตร์ในชีวิตประจำวัน Science in Everyday Life', 1, 3, 'A-F', 'THU:13.00-15.00'),
(59, '001291', 'การบริโภคในชีวิตประจำวัน Consumption in Daily Life', 1, 3, 'A-F', 'THU:13.00-15.00'),
(60, '001292', 'วิถีชีวิตตามแนวคิดเศรษฐกิจหมุนเวียนในศตวรรษที่ 21 Circular Economic Lifestyle for 21st Century', 1, 3, 'A-F', 'THU:13.00-15.00'),
(61, '001281', 'กีฬาและการออกกำลังกาย Sports and Exercises', 1, 1, 'A-F', 'FRI:15.00-17.00');

-- --------------------------------------------------------

--
-- Table structure for table `department`
--

CREATE TABLE `department` (
  `Dep_ID` int(10) NOT NULL,
  `Dep_name` varchar(255) NOT NULL,
  `Major_ID` int(10) NOT NULL,
  `Date_added` timestamp NOT NULL DEFAULT current_timestamp()
) ENGINE=InnoDB DEFAULT CHARSET=utf8 COLLATE=utf8_general_ci;

--
-- Dumping data for table `department`
--

INSERT INTO `department` (`Dep_ID`, `Dep_name`, `Major_ID`, `Date_added`) VALUES
(1, 'สาขาวิชาวิทยาศาสตร์และเทคโนโลยีการอาหาร', 1, '2024-01-30 16:50:53'),
(2, 'สาขาวิชาสัตวศาสตร์และเทคโนโลยีอาหารสัตว์', 1, '2024-01-30 16:50:53'),
(3, 'สาขาวิชาเทคโนโลยีชีวภาพทางการเกษตร', 1, '2024-01-30 16:50:53'),
(4, 'สาขาวิชาเกษตรแม่นยำ', 1, '2024-01-30 16:50:53'),
(5, 'สาขาวิชาวิทยาศาสตร์การประมง', 1, '2024-01-30 16:50:53'),
(6, 'สาขาวิชาภูมิศาสตร์', 1, '2024-01-30 16:50:53'),
(7, 'สาขาทันตแพทยศาสตร์', 2, '2024-01-30 16:50:53'),
(8, 'สาขานิติศาสตร์', 3, '2024-01-30 16:50:53'),
(9, 'สาขาการเงิน', 4, '2024-01-30 16:50:53'),
(10, 'สาขาการบัญชี', 4, '2024-01-30 16:50:53'),
(11, 'สาขาวิชานวัตกรรมและการตลาดเชิงสร้างสรรค์', 4, '2024-01-30 16:50:53'),
(12, 'สาขาธุรกิจดิจิทัล', 4, '2024-01-30 16:50:53'),
(13, 'สาขาเศรษฐศาสตร์', 4, '2024-01-30 16:50:53'),
(14, 'สาขาการท่องเที่ยว', 4, '2024-01-30 16:50:53'),
(15, 'สาขานิเทศศาสตร์', 4, '2024-01-30 16:50:53'),
(16, 'สาขาบริหารธุรกิจ', 4, '2024-01-30 16:50:53'),
(17, 'สาขาพยาบาลศาสตร์', 5, '2024-01-30 16:50:53'),
(18, 'สาขาแพทยศาสตร์', 6, '2024-01-30 16:50:53'),
(19, 'สาขาวิทยาศาสตร์เครื่องสำอางและผลิตภัณฑ์ธรรมชาติ', 7, '2024-01-30 16:50:53'),
(20, 'สาขาดุริยางคศิลป์', 8, '2024-01-30 16:50:53'),
(21, 'สาขานาฏศิลป์ไทย', 8, '2024-01-30 16:50:53'),
(22, 'สาขาวิชาภาษาเกาหลี', 8, '2024-01-30 16:50:53'),
(23, 'สาขาวิชาภาษาจีน', 8, '2024-01-30 16:50:53'),
(24, 'สาขาวิชาภาษาญี่ปุ่น', 8, '2024-01-30 16:50:53'),
(25, 'สาขาวิชาภาษาไทย', 8, '2024-01-30 16:50:53'),
(26, 'สาขาวิชาพม่าศึกษา', 8, '2024-01-30 16:50:53'),
(27, 'สาขาวิชาภาษาฝรั่งเศษ', 8, '2024-01-30 16:50:53'),
(28, 'สาขาวิชาภาษาอังกฤษ', 8, '2024-01-30 16:50:53'),
(29, 'สาขาคณิตศาสตร์', 9, '2024-01-30 16:50:53'),
(30, 'สาขาเคมี', 9, '2024-01-30 16:50:53'),
(31, 'สาขาชีววิทยา', 9, '2024-01-30 16:50:53'),
(32, 'สาขาเทคโนโลยีนวัตกรรมพลังงานและสิ่งแวดล้อม', 9, '2024-01-30 16:50:53'),
(33, 'สาขาฟิสิกส์', 9, '2024-01-30 16:50:53'),
(34, 'สาขาสถิติ', 9, '2024-01-30 16:50:53'),
(35, 'สาขาเทคโนโลยีการวัดและระบบอัจฉริยะ', 9, '2024-01-30 16:50:53'),
(36, 'สาขาเทคโนโลยีสารสนเทศ', 9, '2024-01-30 16:50:53'),
(37, 'สาขาวิทยาการคอมพิวเตอร์', 9, '2024-01-30 16:50:53'),
(38, 'สาขาวิทยาการข้อมูลและการวิเคราะห์', 9, '2024-01-30 16:50:53'),
(39, 'สาขาพยาธิวิทยากายวิภาค', 10, '2024-01-30 16:50:53'),
(40, 'สาขาวิชาวิศวกรรมเครื่องกล', 11, '2024-01-30 16:50:53'),
(41, 'สาขาวิทยาศาสตร์การแพทย์', 10, '2024-01-30 16:50:53'),
(42, 'ทัศนศิลป์', 12, '2024-01-30 16:50:53'),
(43, 'สาขาสถาปัตยกรรม', 12, '2024-01-30 16:50:53'),
(44, 'สาขาวิชาวิศวกรรมอุตสาหการ', 11, '2024-01-30 16:50:53'),
(45, 'สาขาเทคโนโลยีสถาปัตยกรรม', 12, '2024-01-30 16:50:53'),
(46, 'สาขาอนามัยสิ่งแวดล้อม', 14, '2024-01-30 16:50:53'),
(47, 'สาขารัฐศาสตร์', 13, '2024-01-30 16:50:53'),
(48, 'สาขาวิศวกรรมซอฟต์แวร์', 11, '2024-01-30 16:50:53');

-- --------------------------------------------------------

--
-- Table structure for table `employee`
--

CREATE TABLE `employee` (
  `EM_ID` int(10) NOT NULL,
  `EM_title` int(10) NOT NULL,
  `EM_fname` varchar(255) NOT NULL,
  `EM_mname` varchar(255) NOT NULL,
  `EM_lname` varchar(255) NOT NULL,
  `EM_gmail` varchar(255) NOT NULL,
  `EM_gender` int(10) NOT NULL,
  `EM_nationality` int(10) NOT NULL,
  `EM_position` int(10) NOT NULL,
  `EM_major` int(10) NOT NULL,
  `EM_department` int(10) NOT NULL,
  `EM_live` int(10) NOT NULL,
  `EM_religion` int(10) NOT NULL,
  `Date_added` timestamp NOT NULL DEFAULT current_timestamp()
) ENGINE=InnoDB DEFAULT CHARSET=utf8 COLLATE=utf8_general_ci;

--
-- Dumping data for table `employee`
--

INSERT INTO `employee` (`EM_ID`, `EM_title`, `EM_fname`, `EM_mname`, `EM_lname`, `EM_gmail`, `EM_gender`, `EM_nationality`, `EM_position`, `EM_major`, `EM_department`, `EM_live`, `EM_religion`, `Date_added`) VALUES
(1, 7, 'สมชาย', '', 'ใจดี', 'somchai@example.com', 1, 1, 5, 9, 37, 18, 4, '2024-02-21 12:42:04'),
(2, 6, 'รุจิรา', '', 'วงศ์สวัสดิ์', 'rujira@example.com', 2, 1, 1, 11, 48, 5, 4, '2024-02-21 12:42:04'),
(3, 7, 'John', '', ' Smith', 'john@example.com', 1, 2, 1, 9, 37, 7, 1, '2024-02-21 12:42:04'),
(4, 6, 'นันท์รัตน์', '', ' วงศ์วิวัฒน์', 'nanrat@example.com', 2, 1, 2, 1, 6, 9, 4, '2024-02-21 12:42:04'),
(5, 8, 'วิศวกรรม', '', ' ทดสอบ', 'witsawagum@example.com', 1, 1, 1, 11, 48, 30, 2, '2024-02-21 12:42:04'),
(6, 7, 'รัชดา', '', ' มีดี', 'rachada@example.com', 2, 1, 3, 9, 30, 52, 4, '2024-02-21 12:42:04'),
(7, 6, 'สมใจ', '', ' สวยงาม', 'somjai@example.com', 2, 1, 4, 9, 37, 42, 4, '2024-02-21 12:42:04'),
(8, 8, 'วิทยา', '', ' รวยมาก', 'wittaya@example.com', 1, 1, 6, 11, 44, 21, 2, '2024-02-21 12:42:04'),
(9, 6, 'จรัสศรี', '', ' หล่อมาก', 'jaratsri@example.com', 1, 1, 1, 9, 30, 2, 3, '2024-02-21 12:42:04'),
(10, 7, 'Emily', '', ' White', 'emily@example.com', 2, 2, 1, 9, 29, 47, 1, '2024-02-21 12:42:04'),
(11, 6, 'อภิสิทธิ์', '', 'จันทร์สุข', 'apisit@example.com', 1, 1, 1, 1, 4, 30, 4, '2024-02-21 12:42:04'),
(12, 7, 'วรวุฒิ', '', 'ศรีสุข', 'warawut@example.com', 1, 1, 1, 1, 5, 65, 4, '2024-02-21 12:42:04'),
(13, 6, 'สุรเดช', '', 'วิชาสุข', 'suradate@example.com', 1, 1, 1, 3, 8, 14, 4, '2024-02-21 12:42:04'),
(14, 6, 'พิชัย', '', 'ขั้นเทพ', 'pichai@example.com', 1, 1, 1, 3, 8, 29, 4, '2024-02-21 12:42:04'),
(15, 6, 'กิตติศักดิ์', '', 'ชินสุข', 'kittisak@example.com', 1, 1, 1, 3, 8, 24, 4, '2024-02-21 12:42:04'),
(16, 7, 'พิชญ์สุดา', '', 'สุขสมใจ', 'pihsuda@example.com', 2, 1, 1, 2, 7, 10, 4, '2024-02-21 12:42:04'),
(17, 7, 'กาญจนา', '', 'วิไลลักษณ์', 'kanchana@example.com', 2, 1, 1, 2, 7, 46, 4, '2024-02-21 12:42:04'),
(18, 7, 'ธนโชติ', '', 'วิทยสุข', 'tanachot@example.com', 1, 1, 1, 2, 7, 13, 4, '2024-02-21 12:42:04'),
(19, 6, 'กิตติภพ', '', 'ธรรมสุข', 'kittipop@example.com', 1, 1, 1, 4, 16, 13, 4, '2024-02-21 12:42:04'),
(20, 6, 'วรภูมิ', '', 'สุขเกิด', 'waraphoom@example.com', 1, 1, 1, 4, 12, 66, 2, '2024-02-21 12:42:04'),
(21, 6, 'ภูธเนศ', '', 'วิชัยชาญ', 'phootanate@example.com', 1, 1, 6, 4, 15, 10, 4, '2024-02-21 12:42:04'),
(22, 6, 'นภาพร', '', 'จันทร์เพ็ญ', 'napaporn@example.com', 2, 1, 6, 5, 17, 10, 4, '2024-02-21 12:42:04'),
(23, 6, 'นปภา', '', 'ศรีสุข', 'napapar@example.com', 2, 1, 1, 5, 17, 5, 4, '2024-02-21 12:42:04'),
(24, 6, 'กฤตภาส', '', 'ตั้งใจดี', 'kittapart@example.com', 1, 1, 1, 5, 17, 41, 4, '2024-02-21 12:42:04'),
(25, 7, 'พงษ์พิทยา', '', 'ศรีใจ', 'phongpittaya@example.com', 1, 1, 6, 6, 18, 30, 4, '2024-02-21 12:42:04'),
(26, 7, 'อภิชาติ', '', 'วิวัฒนาสุข', 'apichat@example.com', 1, 1, 1, 6, 18, 30, 4, '2024-02-21 12:42:04'),
(27, 7, 'จันทรจิรา', '', 'จันทร์สุข', 'janjira@example.com', 2, 1, 1, 6, 18, 30, 4, '2024-02-21 12:42:04'),
(28, 7, 'อนุพล', '', 'สุวรรณ', 'anupon@example.com', 3, 1, 1, 7, 19, 7, 4, '2024-02-21 12:42:04'),
(29, 7, 'จิราพร', '', 'สุขวัฒนะ', 'janjiporn@example.com', 2, 1, 6, 7, 19, 4, 4, '2024-02-21 12:42:04'),
(30, 7, 'กัลยาณี', '', 'วิมลสุข', 'kanyanee@example.com', 2, 1, 1, 7, 19, 42, 4, '2024-02-21 12:42:04'),
(31, 7, 'กัญญารัตน์', '', 'เที่ยงธรรม', 'kanyarat@example.com', 2, 1, 6, 8, 28, 42, 4, '2024-02-21 12:42:04'),
(32, 7, 'Jasmine', '', 'Kim', 'jasmine@example.com', 2, 2, 1, 8, 22, 30, 1, '2024-02-21 12:42:04'),
(33, 7, 'Satoshi', '', 'Nakamura', 'satoshi@example.com', 1, 2, 1, 8, 24, 30, 4, '2024-02-21 12:42:04'),
(34, 7, 'อัครเดช', '', 'วงศ์สุข', 'akkraradate@example.com', 1, 1, 1, 10, 41, 10, 4, '2024-02-21 12:42:04'),
(35, 7, 'พรปภา', '', 'สุขสำราญ', 'pornprapa@example.com', 2, 1, 1, 10, 39, 10, 4, '2024-02-21 12:42:04'),
(36, 6, 'กฤษณะ', '', 'สุขวัฒนะ', 'kitsana@example.com', 1, 1, 6, 12, 43, 22, 4, '2024-02-21 12:42:04'),
(37, 6, 'กันตภณ', '', 'วิริยะสุข', 'guntapana@example.com', 1, 1, 1, 12, 42, 32, 4, '2024-02-21 12:42:04'),
(38, 6, 'สุชาติ', '', 'วิวัฒนกุล', 'suchad@example.com', 1, 1, 1, 12, 45, 45, 4, '2024-02-21 12:42:04'),
(39, 6, 'สุรชัย', '', 'สุขวิจิตร', 'surachai@example.com', 1, 1, 1, 13, 47, 47, 4, '2024-02-21 12:42:04'),
(40, 6, 'อนุพล', '', 'สุขใจ', 'anupon@example.com', 1, 1, 1, 13, 47, 27, 4, '2024-02-21 12:42:04'),
(41, 7, 'พรรณวดี', '', 'วิชัยสุข', 'phanwadee@example.com', 2, 1, 1, 13, 47, 5, 4, '2024-02-21 12:42:04'),
(42, 7, 'วิชัยธิดา', '', 'ชินสุข', 'wichaitida@example.com', 2, 1, 1, 14, 46, 24, 4, '2024-02-21 12:42:04'),
(43, 7, 'ภูวดล', '', 'คนดี', 'phuwadon@example.com', 1, 1, 1, 14, 46, 10, 4, '2024-02-21 12:42:04'),
(44, 7, 'ราตรี', '', 'พิมพ์ทวี', 'ratree@example.com', 2, 1, 1, 1, 6, 9, 4, '2024-02-21 13:02:55'),
(45, 8, 'สมใจ', '', 'ประสาคุณ', 'somjai@example.com', 1, 1, 1, 11, 48, 30, 4, '2024-02-21 13:02:55'),
(46, 7, 'สมฤดี', '', 'มีรักษา', 'somrudee@example.com', 2, 1, 7, 9, 30, 52, 2, '2024-02-21 13:02:55'),
(47, 7, 'สมนัส', '', 'ประดิษฐ์', 'somnath@example.com', 2, 1, 1, 9, 37, 42, 4, '2024-02-21 13:02:55'),
(48, 7, 'วิทย์', '', 'สุขสันต์', 'wit@example.com', 1, 1, 1, 11, 44, 21, 1, '2024-02-21 13:02:55'),
(49, 7, 'สมชื่น', '', 'อุทัยเกียรติ', 'somchuen@example.com', 1, 1, 7, 9, 30, 2, 4, '2024-02-21 13:02:55'),
(50, 8, 'สมรัก', '', 'วรรณศิลป์', 'somrak@example.com', 2, 1, 1, 11, 48, 5, 4, '2024-02-21 13:02:55');

-- --------------------------------------------------------

--
-- Table structure for table `gender`
--

CREATE TABLE `gender` (
  `Gender_ID` int(10) NOT NULL,
  `Gender_name` varchar(255) NOT NULL
) ENGINE=InnoDB DEFAULT CHARSET=utf8 COLLATE=utf8_general_ci;

--
-- Dumping data for table `gender`
--

INSERT INTO `gender` (`Gender_ID`, `Gender_name`) VALUES
(1, 'Male'),
(2, 'Female'),
(3, 'Other');

-- --------------------------------------------------------

--
-- Table structure for table `major`
--

CREATE TABLE `major` (
  `Major_ID` int(10) NOT NULL,
  `Major_name` varchar(255) NOT NULL,
  `Date_added` timestamp NOT NULL DEFAULT current_timestamp()
) ENGINE=InnoDB DEFAULT CHARSET=utf8 COLLATE=utf8_general_ci;

--
-- Dumping data for table `major`
--

INSERT INTO `major` (`Major_ID`, `Major_name`, `Date_added`) VALUES
(1, 'คณะเกษตรศาสตร์ ทรัพยากรธรรมชาติและสิ่งแวดล้อม', '2024-01-30 16:50:53'),
(2, 'คณะทันตแพทยศาสตร์', '2024-01-30 16:50:53'),
(3, 'คณะนิติศาสตร์', '2024-01-30 16:50:53'),
(4, 'คณะบริหารธุรกิจ เศรษฐศาสตร์และการสื่อสาร', '2024-01-30 16:50:53'),
(5, 'คณะพยาบาลศาสตร์', '2024-01-30 16:50:53'),
(6, 'คณะแพทยศาสตร์', '2024-01-30 16:50:53'),
(7, 'คณะเภสัชศาสตร์', '2024-01-30 16:50:53'),
(8, 'คณะมนุษยศาสตร์', '2024-01-30 16:50:53'),
(9, 'คณะวิทยาศาสตร์', '2024-01-30 16:50:53'),
(10, 'คณะวิทยาศาสตร์การแพทย์', '2024-01-30 16:50:53'),
(11, 'คณะวิศวกรรมศาสตร์', '2024-01-30 16:50:53'),
(12, 'คณะสถาปัตยกรรมศาสตร์', '2024-01-30 16:50:53'),
(13, 'คณะสังคมศาสตร์', '2024-02-21 14:24:11'),
(14, 'คณะสาธารณสุขศาสตร์', '2024-02-21 14:27:25');

-- --------------------------------------------------------

--
-- Table structure for table `nationality`
--

CREATE TABLE `nationality` (
  `Na_id` int(10) NOT NULL,
  `Na_name` varchar(255) NOT NULL
) ENGINE=InnoDB DEFAULT CHARSET=utf8 COLLATE=utf8_general_ci;

--
-- Dumping data for table `nationality`
--

INSERT INTO `nationality` (`Na_id`, `Na_name`) VALUES
(1, 'ไทย'),
(2, 'อื่นๆ');

-- --------------------------------------------------------

--
-- Table structure for table `position`
--

CREATE TABLE `position` (
  `Position_ID` int(10) NOT NULL,
  `Position_name` varchar(255) NOT NULL
) ENGINE=InnoDB DEFAULT CHARSET=utf8 COLLATE=utf8_general_ci;

--
-- Dumping data for table `position`
--

INSERT INTO `position` (`Position_ID`, `Position_name`) VALUES
(1, 'อาจารย์'),
(2, 'อธิการบดี'),
(3, 'รองอธิการบดี'),
(4, 'ผู้ช่วยอธิการบดี'),
(5, 'ประธานคณะ'),
(6, 'หัวหน้าภาควิชา'),
(7, 'แม่บ้าน'),
(8, 'รปภ.');

-- --------------------------------------------------------

--
-- Table structure for table `province`
--

CREATE TABLE `province` (
  `Province_ID` int(10) NOT NULL,
  `Province_name` varchar(255) NOT NULL,
  `Province_Area` int(2) NOT NULL
) ENGINE=InnoDB DEFAULT CHARSET=utf8 COLLATE=utf8_general_ci;

--
-- Dumping data for table `province`
--

INSERT INTO `province` (`Province_ID`, `Province_name`, `Province_Area`) VALUES
(1, 'เชียงราย', 1),
(2, 'น่าน', 1),
(3, 'พะเยา', 1),
(4, 'เชียงใหม่', 1),
(5, 'แม่ฮ่องสอน', 1),
(6, 'แพร่', 1),
(7, 'ลำปาง', 1),
(8, 'ลำพูน', 1),
(9, 'อุตรดิตถ์', 1),
(10, 'พิษณุโลก', 2),
(11, 'สุโขทัย', 2),
(12, 'เพชรบูรณ์', 2),
(13, 'พิจิตร', 2),
(14, 'กำแพงเพชร', 2),
(15, 'นครสวรรค์', 2),
(16, 'ลพบุรี', 2),
(17, 'ชัยนาท', 2),
(18, 'อุทัยธานี', 2),
(19, 'สิงห์บุรี', 2),
(20, 'อ่างทอง', 2),
(21, 'สระบุรี', 2),
(22, 'พระนครศรีอยุธยา', 2),
(23, 'สุพรรณบุรี', 2),
(24, 'นครนายก', 2),
(25, 'ปทุมธานี', 2),
(26, 'นนทบุรี', 2),
(27, 'สมุทรปราการ', 2),
(28, 'สมุทรสาคร', 2),
(29, 'สมุทรสงคราม', 2),
(30, 'กรุงเทพมหานคร', 2),
(31, 'หนองคาย', 3),
(32, 'นครพนม', 3),
(33, 'สกลนคร', 3),
(34, 'บึงกาฬ', 3),
(35, 'หนองบัวลำภู', 3),
(36, 'ขอนแก่น', 3),
(37, 'อำนาจเจริญ', 3),
(38, 'ยโสธร', 3),
(39, 'ร้อยเอ็ด', 3),
(40, 'มหาสารคาม', 3),
(41, 'ชัยภูมิ', 3),
(42, 'นครราชสีมา', 3),
(43, 'บุรีรัมย์', 3),
(44, 'สุรินทร์', 3),
(45, 'ศรีสะเกษ', 3),
(46, 'อุบลราชธานี', 3),
(47, 'กาฬสินธุ์', 3),
(48, 'สระแก้ว', 4),
(49, 'ปราจีนบุรี', 4),
(50, 'ฉะเชิงเทรา', 4),
(51, 'ชลบุรี', 4),
(52, 'ระยอง', 4),
(53, 'ตราด', 4),
(54, 'ตาก', 5),
(55, 'กาญจนบุรี', 5),
(56, 'ราชบุรี', 5),
(57, 'เพชรบุรี', 5),
(58, 'ประจวบคีรีขันธ์', 5),
(59, 'ชุมพร', 6),
(60, 'ระนอง', 6),
(61, 'สุราษฎร์ธานี', 6),
(62, 'นครศรีธรรมราช', 6),
(63, 'กระบี่', 6),
(64, 'พังงา', 6),
(65, 'ภูเก็ต', 6),
(66, 'ตรัง', 6),
(67, 'ปัตตานี', 6),
(68, 'สงขลา', 6),
(69, 'นราธิวาส', 6),
(70, 'ยะลา', 6);

-- --------------------------------------------------------

--
-- Table structure for table `religion`
--

CREATE TABLE `religion` (
  `Religion_ID` int(11) NOT NULL,
  `Religion_Name` varchar(50) DEFAULT NULL
) ENGINE=InnoDB DEFAULT CHARSET=utf8 COLLATE=utf8_general_ci;

--
-- Dumping data for table `religion`
--

INSERT INTO `religion` (`Religion_ID`, `Religion_Name`) VALUES
(1, 'คริสเตียนนิกาย'),
(2, 'อิสลาม'),
(3, 'ฮินดู'),
(4, 'พุทธ'),
(5, 'ยิว');

-- --------------------------------------------------------

--
-- Table structure for table `student`
--

CREATE TABLE `student` (
  `Stu_id` int(10) NOT NULL,
  `Stu_title` int(10) NOT NULL,
  `Stu_fname` varchar(255) NOT NULL,
  `Stu_mname` varchar(255) NOT NULL,
  `Stu_lname` varchar(255) NOT NULL,
  `Stu_gender` int(2) NOT NULL,
  `Stu_type_of_study` varchar(255) NOT NULL,
  `Stu_year_rank` int(10) NOT NULL,
  `Stu_major` int(10) NOT NULL,
  `Stu_department` int(10) NOT NULL,
  `Stu_year_of_study` int(10) NOT NULL,
  `Stu_live` int(10) NOT NULL,
  `Stu_nationality` int(10) NOT NULL,
  `Stu_religion` int(10) NOT NULL,
  `Date_added` timestamp NOT NULL DEFAULT current_timestamp()
) ENGINE=InnoDB DEFAULT CHARSET=utf8 COLLATE=utf8_general_ci;

--
-- Dumping data for table `student`
--

INSERT INTO `student` (`Stu_id`, `Stu_title`, `Stu_fname`, `Stu_mname`, `Stu_lname`, `Stu_gender`, `Stu_type_of_study`, `Stu_year_rank`, `Stu_major`, `Stu_department`, `Stu_year_of_study`, `Stu_live`, `Stu_nationality`, `Stu_religion`, `Date_added`) VALUES
(63300441, 1, 'วรพล', '', 'พุ้มชิด', 1, 'ปริญญาตรี', 4, 8, 23, 4, 70, 1, 4, '2024-02-21 15:57:35'),
(63300485, 2, 'สุวรรณ', '', 'จันทร์เพ็ญ', 2, 'ปริญญาตรี', 4, 8, 26, 4, 67, 1, 4, '2024-02-21 16:15:56'),
(63300555, 1, 'ศุภกร', '', 'ใจมา', 1, 'ปริญญาตรี', 4, 8, 26, 4, 39, 1, 2, '2024-02-21 16:15:56'),
(63300557, 1, 'ณัฐพล', '', 'คงไพบุญ', 3, 'ปริญญาตรี', 4, 8, 23, 4, 25, 1, 1, '2024-02-21 15:57:35'),
(63300563, 1, 'วรวิทย์', '', 'วิชัยวรรณ', 1, 'ปริญญาตรี', 4, 1, 4, 4, 26, 1, 4, '2024-02-21 15:00:28'),
(63300764, 1, 'พรเทพ', '', 'สุขใจ', 1, 'ปริญญาตรี', 4, 1, 4, 4, 31, 1, 2, '2024-02-21 15:00:28'),
(63314577, 2, 'กนกพร', '', 'บำรุงเจริญ', 2, 'ปริญญาตรี', 4, 9, 31, 4, 52, 1, 2, '2024-02-21 13:03:11'),
(63316080, 1, 'ณัฐพงษ์', '', 'สุทธิพงษ์', 3, 'ปริญญาตรี', 4, 9, 38, 4, 25, 1, 4, '2024-02-21 16:42:04'),
(63316090, 2, 'พรสุวรรณ์', '', 'วิมลพรรณ์', 1, 'ปริญญาตรี', 4, 9, 38, 4, 42, 1, 4, '2024-02-21 16:42:04'),
(63341454, 1, 'ณัฐวัฒ', '', 'บุญเกิด', 1, 'ปริญญาตรี', 4, 4, 11, 4, 68, 1, 4, '2024-02-21 15:18:29'),
(63341963, 1, 'พิชัย', '', 'สุริยะวงศ์', 1, 'ปริญญาตรี', 4, 4, 11, 4, 69, 1, 4, '2024-02-21 15:18:29'),
(63710044, 1, 'ภัทร', '', 'อัศวรัตน์', 1, 'ปริญญาตรี', 4, 12, 45, 4, 10, 1, 1, '2024-02-21 13:03:11'),
(63710704, 1, 'ภูวนัตถ์', '', 'สุทธิรัตน์', 1, 'ปริญญาตรี', 4, 12, 45, 4, 36, 1, 4, '2024-02-21 14:17:30'),
(64003341, 2, 'ณัฐธิดา', '', 'กิจวิไล', 2, 'ปริญญาตรี', 3, 8, 22, 3, 51, 1, 5, '2024-02-21 13:03:11'),
(64004452, 1, 'ภูเขา', '', 'ศุภาลัย', 1, 'ปริญญาตรี', 3, 1, 6, 3, 30, 1, 2, '2024-02-21 13:03:11'),
(64008731, 2, 'ณัฐชา', '', 'ชัยวงศ์', 2, 'ปริญญาตรี', 3, 8, 28, 3, 4, 1, 3, '2024-02-21 13:03:11'),
(64300115, 1, 'วรเมธ', '', 'วรวุฒิ', 1, 'ปริญญาตรี', 3, 10, 41, 3, 29, 1, 4, '2024-02-21 16:49:35'),
(64300144, 1, 'ณัฐวัฒน์', '', 'พูลดี', 1, 'ปริญญาตรี', 3, 1, 5, 3, 24, 1, 4, '2024-02-21 15:03:06'),
(64300167, 1, 'ณรงค์', '', 'วงศ์วิไล', 1, 'ปริญญาตรี', 3, 1, 3, 3, 62, 1, 4, '2024-02-21 14:56:06'),
(64300212, 2, 'ลำธาร', '', 'วงศ์เดชา', 2, 'ปริญญาตรี', 3, 1, 6, 3, 43, 1, 1, '2024-02-21 13:36:08'),
(64300342, 1, 'ราชัน', '', 'พูลสมบัติ', 1, 'ปริญญาตรี', 3, 8, 22, 3, 11, 1, 4, '2024-02-21 13:58:36'),
(64300454, 2, 'ณรงค์นันท์', '', 'ฉัตรมงคล', 2, 'ปริญญาตรี', 3, 8, 24, 3, 59, 1, 4, '2024-02-21 16:09:17'),
(64300684, 1, 'ภูมิภัทร', '', 'จิตรพิรมณ์', 1, 'ปริญญาตรี', 3, 1, 5, 3, 5, 1, 4, '2024-02-21 15:03:06'),
(64300774, 1, 'วรเชรษฐ์', '', 'เทพโซโล่', 1, 'ปริญญาตรี', 3, 8, 24, 3, 44, 1, 3, '2024-02-21 16:09:17'),
(64300831, 1, 'รัชดา', '', 'พูลสวัสดิ์', 3, 'ปริญญาตรี', 3, 8, 28, 3, 7, 1, 4, '2024-02-21 14:02:14'),
(64300990, 1, 'วิชัย', '', 'สุวรรณนนท์', 1, 'ปริญญาตรี', 3, 10, 41, 3, 10, 1, 4, '2024-02-21 16:49:35'),
(64300996, 1, 'ธนบดี', '', 'วงศ์สุวรรณ', 1, 'ปริญญาตรี', 3, 1, 3, 3, 33, 1, 4, '2024-02-21 14:56:06'),
(64310000, 2, 'ณัฐภรณ์', '', 'อินทรสุข', 2, 'ปริญญาตรี', 3, 9, 29, 1, 1, 1, 2, '2024-02-21 13:03:11'),
(64314025, 1, 'ธีรภัทร', '', 'สุขสันต์', 1, 'ปริญญาตรี', 3, 9, 29, 3, 16, 1, 4, '2024-02-21 14:02:14'),
(64314678, 1, 'ธีรภัทร', '', 'วิชัยชาญ', 1, 'ปริญญาตรี', 3, 9, 31, 3, 17, 1, 4, '2024-02-21 13:30:46'),
(64316401, 1, 'ศุทธิศักดิ์', '', 'สุขใจดี', 1, 'ปริญญาตรี', 3, 9, 36, 3, 6, 1, 4, '2024-02-21 16:39:04'),
(64316436, 1, 'ณัฐภูมิ', '', 'วิชัยชาญ', 1, 'ปริญญาตรี', 3, 9, 34, 3, 20, 1, 4, '2024-02-21 16:33:07'),
(64316700, 1, 'ธนัญชัย', '', 'ชัยวงศ์', 1, 'ปริญญาตรี', 3, 9, 36, 3, 56, 1, 4, '2024-02-21 16:39:04'),
(64316772, 2, 'กานต์ธีรา', '', 'ทัศนกุล', 2, 'ปริญญาตรี', 3, 9, 30, 3, 27, 1, 4, '2024-02-21 16:23:01'),
(64316852, 1, 'ณัฐภัทร', '', 'สุวรรณวงศ์', 1, 'ปริญญาตรี', 3, 9, 30, 3, 5, 1, 4, '2024-02-21 16:23:01'),
(64316885, 1, 'ภูมิใจ', '', 'วงศ์สมบูรณ์', 1, 'ปริญญาตรี', 3, 9, 34, 3, 15, 1, 4, '2024-02-21 16:33:07'),
(64341121, 2, 'ริชา', '', 'พงศ์พิทักษ์', 2, 'ปริญญาตรี', 3, 4, 16, 3, 28, 1, 5, '2024-02-21 13:03:11'),
(64341218, 1, 'พรสวัสดิ์', '', 'วงศ์สวัสดิ์', 1, 'ปริญญาตรี', 3, 4, 16, 3, 30, 1, 4, '2024-02-21 13:47:15'),
(64341261, 1, 'วรชิด', '', 'พิมพ์นภา', 1, 'ปริญญาตรี', 3, 4, 9, 3, 1, 1, 4, '2024-02-21 15:11:02'),
(64341616, 1, 'ศุภชัย', '', 'ใจดี', 1, 'ปริญญาตรี', 3, 4, 13, 3, 66, 1, 2, '2024-02-21 15:31:12'),
(64341669, 1, 'ณัฐพล', '', 'ผลเกิด', 1, 'ปริญญาตรี', 3, 4, 15, 3, 35, 1, 4, '2024-02-21 15:39:38'),
(64341741, 1, 'ณัฐภัทร', '', 'สุขุมดี', 3, 'ปริญญาตรี', 3, 4, 13, 3, 2, 1, 4, '2024-02-21 15:31:12'),
(64341768, 2, 'ณัฐวรา', '', 'สุขสม', 2, 'ปริญญาตรี', 3, 4, 9, 3, 39, 1, 4, '2024-02-21 15:11:02'),
(64341888, 1, 'ประกายดาว', '', 'เอมวงศ์', 3, 'ปริญญาตรี', 3, 4, 15, 3, 59, 1, 1, '2024-02-21 15:39:38'),
(64364114, 1, 'วรรธน์', '', 'พัฒนกุล', 1, 'ปริญญาตรี', 3, 11, 48, 3, 10, 1, 4, '2024-02-21 16:54:02'),
(64364217, 2, 'วรรณพร', '', 'พรนับพัน', 2, 'ปริญญาตรี', 3, 11, 48, 3, 62, 1, 4, '2024-02-21 16:54:02'),
(64364418, 1, 'สมชาย', '', 'ใจดี', 1, 'ปริญญาตรี', 3, 11, 40, 1, 19, 1, 1, '2024-02-21 13:03:11'),
(64364748, 1, 'ธนากร', '', 'ไชยเชื้อ', 1, 'ปริญญาตรี', 3, 11, 40, 3, 49, 1, 4, '2024-02-21 14:10:04'),
(65001421, 1, 'โอบอ้อม', '', 'อารีย์', 3, 'ปริญญาตรี', 2, 3, 8, 2, 14, 1, 3, '2024-02-21 13:03:11'),
(65300147, 1, 'ณัฐกรณ์', '', 'วิชัยวรรณ', 1, 'ปริญญาตรี', 2, 3, 8, 2, 65, 1, 4, '2024-02-21 13:36:08'),
(65300717, 1, 'พิเชฐ', '', 'วงศ์สุวรรณ', 1, 'ปริญญาตรี', 2, 1, 1, 2, 45, 1, 4, '2024-02-21 14:41:15'),
(65300741, 2, 'ณัฐพร', '', 'บุญสมบูรณ์', 2, 'ปริญญาตรี', 2, 5, 17, 2, 20, 1, 4, '2024-02-21 15:42:48'),
(65300742, 1, 'ณัฏฐพล', '', 'พิชัยวรรณ', 1, 'ปริญญาตรี', 2, 1, 1, 2, 67, 1, 4, '2024-02-21 14:41:15'),
(65300747, 1, 'ณัฐชนนท์', '', 'วิไลวรรณ', 1, 'ปริญญาตรี', 2, 8, 25, 2, 32, 1, 3, '2024-02-21 16:11:56'),
(65300749, 1, 'ศิริวัฒน์', '', 'วงศ์เดชา', 1, 'ปริญญาตรี', 2, 5, 17, 2, 29, 1, 4, '2024-02-21 15:42:48'),
(65300969, 1, 'วรเศรษฐ์', '', 'สุวรรณวิไล', 1, 'ปริญญาตรี', 2, 8, 25, 2, 7, 1, 4, '2024-02-21 16:11:56'),
(65312546, 2, 'ณิชชา', '', 'เรืองสวัสดิ์', 2, 'ปริญญาตรี', 2, 8, 20, 2, 42, 1, 4, '2024-02-21 13:03:11'),
(65312646, 1, 'ณัฏดนัยท์', '', 'สุริยะวงศ์', 1, 'ปริญญาตรี', 2, 8, 20, 2, 21, 1, 4, '2024-02-21 13:58:36'),
(65314227, 2, 'อรอุมา', '', 'พูลสวัสดิ์', 2, 'ปริญญาตรี', 2, 9, 32, 2, 20, 1, 4, '2024-02-21 13:30:46'),
(65314557, 1, 'ภารดา', '', 'บุญส่งเสริม', 1, 'ปริญญาตรี', 2, 9, 32, 2, 27, 1, 1, '2024-02-21 13:03:11'),
(65316111, 2, 'ณัฐกานต์', '', 'มั่นคง', 2, 'ปริญญาตรี', 2, 9, 33, 2, 24, 1, 4, '2024-02-21 16:26:29'),
(65316282, 1, 'ภูวนัตถ์', '', 'สุขสม', 1, 'ปริญญาตรี', 2, 9, 33, 2, 38, 1, 4, '2024-02-21 16:26:29'),
(65341800, 1, 'ณัฐวุฒิ', '', 'บุญสมบูรณ์', 1, 'ปริญญาตรี', 2, 4, 10, 2, 25, 1, 4, '2024-02-21 15:13:39'),
(65341887, 1, 'ธนวัฒน์', '', 'พิชัยวรรณ', 3, 'ปริญญาตรี', 2, 4, 10, 2, 19, 1, 4, '2024-02-21 15:13:39'),
(65364212, 1, 'วรากร', '', 'เวียงสวัสดิ์', 1, 'ปริญญาตรี', 2, 11, 44, 2, 13, 1, 2, '2024-02-21 13:03:11'),
(65364217, 2, 'ณัฏฐกานต์', '', 'พรหมสุข', 2, 'ปริญญาตรี', 2, 11, 44, 2, 57, 1, 4, '2024-02-21 14:17:30'),
(65400219, 2, 'ณัฏฐา', '', 'สุริยะสวัสดิ์', 2, 'ปริญญาตรี', 2, 8, 21, 2, 19, 1, 4, '2024-02-21 15:51:24'),
(65400634, 1, 'พิศาล', '', 'โชคดี', 1, 'ปริญญาตรี', 2, 8, 21, 2, 11, 1, 4, '2024-02-21 15:51:24'),
(65441123, 1, 'วรเชษฐ์', '', 'อินทร์เพ็ชร์', 1, 'ปริญญาตรี', 2, 4, 12, 2, 9, 1, 2, '2024-02-21 15:23:58'),
(65441987, 1, 'ธนัทธ์', '', 'วรรณสุวรรณ', 1, 'ปริญญาตรี', 2, 4, 12, 2, 8, 1, 4, '2024-02-21 15:23:58'),
(65711556, 9, 'วรเมธ', '', 'ชินวัตร', 1, 'ปริญญาตรี', 2, 12, 43, 3, 15, 1, 4, '2024-02-21 13:03:11'),
(65711781, 1, 'ศิวกร', '', 'วงศ์เดชา', 1, 'ปริญญาตรี', 2, 12, 43, 2, 37, 1, 4, '2024-02-21 14:14:27'),
(66001211, 5, 'ณัชชา', '', 'ศรีสุข', 2, 'ปริญญาตรี', 1, 6, 18, 1, 7, 1, 1, '2024-02-21 13:03:11'),
(66004451, 1, 'ปรมีทร์', '', 'จงสวัสดิ์', 1, 'ปริญญาตรี', 1, 14, 46, 1, 36, 1, 3, '2024-02-21 13:03:11'),
(66204945, 1, 'วีรวิทย์', '', 'จันทร์สุข', 1, 'ปริญญาตรี', 1, 14, 46, 1, 27, 1, 4, '2024-02-21 14:31:22'),
(66300167, 1, 'วีระพล', '', 'วงศ์สุข', 1, 'ปริญญาตรี', 1, 1, 2, 1, 31, 1, 4, '2024-02-21 14:52:28'),
(66300178, 2, 'อรวรรณ', '', 'วงศ์สมบูรณ์', 2, 'ปริญญาตรี', 1, 2, 7, 1, 38, 1, 4, '2024-02-21 15:05:16'),
(66300296, 2, 'สิริภัทร', '', 'เพชรวงศ์', 2, 'ปริญญาตรี', 1, 6, 18, 1, 52, 1, 4, '2024-02-21 13:47:15'),
(66300353, 2, 'วิชชุดา', '', 'สุทธิวรรณ', 2, 'ปริญญาตรี', 1, 2, 7, 1, 22, 1, 4, '2024-02-21 15:05:16'),
(66300468, 1, 'ภูมิพัฒน์', '', 'สิริวัฒนา', 1, 'ปริญญาตรี', 1, 1, 2, 1, 27, 1, 4, '2024-02-21 14:52:28'),
(66304614, 1, 'รัฐพล', '', 'สุขุมพันธ์', 1, 'ปริญญาตรี', 1, 13, 47, 1, 20, 1, 4, '2024-02-21 14:31:22'),
(66314155, 4, 'ธีรเดช', '', 'เก่งเกิน', 1, 'ปริญญาตรี', 1, 9, 37, 1, 55, 1, 5, '2024-02-21 13:03:11'),
(66314355, 1, 'ศุภกร', '', 'บุญสมบูรณ์', 1, 'ปริญญาตรี', 1, 9, 37, 1, 55, 1, 4, '2024-02-21 14:10:04'),
(66400089, 1, 'ศุภกร', '', 'สุขเกิด', 1, 'ปริญญาตรี', 1, 10, 39, 1, 22, 1, 4, '2024-02-21 16:44:33'),
(66400339, 1, 'พรเทพ', '', 'วงศ์สุข', 3, 'ปริญญาตรี', 1, 7, 19, 1, 12, 1, 4, '2024-02-21 15:46:08'),
(66400435, 1, 'ชนาธิป', '', 'วงศ์ษา', 3, 'ปริญญาตรี', 1, 7, 19, 1, 27, 1, 4, '2024-02-21 15:46:08'),
(66400868, 1, 'ภูมิพัฒน์', '', 'มั่นคง', 3, 'ปริญญาตรี', 1, 8, 27, 1, 18, 1, 4, '2024-02-21 16:18:32'),
(66400883, 1, 'ณัฐดนัย', '', 'ณรงค์สวัสดิ์', 1, 'ปริญญาตรี', 1, 8, 27, 1, 63, 1, 4, '2024-02-21 16:18:32'),
(66400898, 2, 'ณัฐพร', '', 'พุ่มบุญ', 2, 'ปริญญาตรี', 1, 10, 39, 1, 26, 1, 4, '2024-02-21 16:44:33'),
(66416550, 1, 'วรวุฒิ', '', 'วิไลวุฒิ', 1, 'ปริญญาตรี', 1, 9, 35, 1, 35, 1, 2, '2024-02-21 16:35:59'),
(66416744, 1, 'ภูวดล', '', 'พรหมสุข', 1, 'ปริญญาตรี', 1, 9, 35, 1, 61, 1, 4, '2024-02-21 16:35:59'),
(66441528, 1, 'พิศุทธ์', '', 'ชัยวงศ์', 1, 'ปริญญาตรี', 1, 4, 14, 1, 5, 1, 4, '2024-02-21 15:36:39'),
(66441723, 1, 'วิภูษณ์', '', 'สิริวัฒนา', 3, 'ปริญญาตรี', 1, 4, 14, 1, 33, 1, 4, '2024-02-21 15:36:39'),
(66711126, 1, 'วรเดช', '', 'อินทร์เพ็ชร์', 1, 'ปริญญาตรี', 1, 12, 42, 1, 32, 1, 4, '2024-02-21 14:14:27'),
(66711465, 10, 'สรวิศ', '', 'ทองรัก', 1, 'ปริญญาตรี', 1, 12, 42, 2, 11, 1, 3, '2024-02-21 13:03:11');

-- --------------------------------------------------------

--
-- Table structure for table `subject`
--

CREATE TABLE `subject` (
  `Subject_ID` int(10) NOT NULL,
  `Subject_name` varchar(255) NOT NULL,
  `Subject_class` int(10) NOT NULL,
  `Subtion_Section` varchar(255) NOT NULL,
  `Subject_Credit` int(10) NOT NULL,
  `Subject_Format` varchar(255) NOT NULL,
  `Subject_Time` varchar(255) NOT NULL,
  `Subject_teacher` int(10) NOT NULL,
  `Subject_Status` varchar(255) NOT NULL,
  `Date_added` timestamp NOT NULL DEFAULT current_timestamp()
) ENGINE=InnoDB DEFAULT CHARSET=utf8 COLLATE=utf8_general_ci;

--
-- Dumping data for table `subject`
--

INSERT INTO `subject` (`Subject_ID`, `Subject_name`, `Subject_class`, `Subtion_Section`, `Subject_Credit`, `Subject_Format`, `Subject_Time`, `Subject_teacher`, `Subject_Status`, `Date_added`) VALUES
(1211, 'English Listening and Speaking for Communication', 1, '1', 3, 'A-F', 'MON:8.00-10.00', 3, 'Ready to registration', '2024-02-01 14:13:27'),
(1212, 'English Critical Reading for Effective Communication', 1, '1', 3, 'A-F', 'MON:8.00-10.00', 3, 'Ready to registration', '2024-02-01 14:13:27'),
(1213, 'English Writing for Effective Communication', 1, '1', 3, 'A-F', 'MON:8.00-10.00', 3, 'Ready to registration', '2024-02-01 14:13:27'),
(1221, 'Information Science for Study and Research', 4, '1', 3, 'A-F', 'MON:10.00-12.00', 4, 'Ready to registration', '2024-02-01 14:13:27'),
(1222, 'Language, Society and Culture', 4, '1', 3, 'A-F', 'WED:10.00-12.00', 3, 'Ready to registration', '2024-02-01 14:13:27'),
(1224, 'Arts in Daily Life', 4, '1', 3, 'A-F', 'WED:10.00-12.00', 4, 'Ready to registration', '2024-02-01 14:13:27'),
(1226, 'Ways of Living in the Digital Age', 4, '1', 3, 'A-F', 'WED:10.00-12.00', 5, 'Ready to registration', '2024-02-01 14:13:27'),
(1227, 'Music Studies in Thai way of life', 4, '1', 3, 'A-F', 'WED:10.00-12.00', 5, 'Ready to registration', '2024-02-01 14:13:27'),
(1228, 'Happiness with Hobbies', 4, '1', 3, 'A-F', 'WED:10.00-12.00', 2, 'Ready to registration', '2024-02-01 14:13:27'),
(1231, 'Philosophy of Life for Sufficient Living', 5, '1', 3, 'A-F', 'WED:10.00-12.00', 8, 'Ready to registration', '2024-02-01 14:13:27'),
(1232, 'Fundamental Laws for Quality of Life', 5, '1', 3, 'A-F', 'WED:10.00-12.00', 2, 'Ready to registration', '2024-02-01 14:13:27'),
(1233, 'Thai State and the World Community', 5, '1', 3, 'A-F', 'WED:10.00-12.00', 2, 'Ready to registration', '2024-02-01 14:13:27'),
(1234, 'Civilization and Local Wisdom', 5, '1', 3, 'A-F', 'WED:10.00-12.00', 2, 'Ready to registration', '2024-02-01 14:13:27'),
(1235, 'Politics, Economy and Society', 5, '1', 3, 'A-F', 'WED:10.00-12.00', 10, 'Ready to registration', '2024-02-01 14:13:27'),
(1236, 'Living Management', 5, '1', 3, 'A-F', 'WED:10.00-12.00', 1, 'Ready to registration', '2024-02-01 14:13:27'),
(1237, 'Life Skills', 5, '1', 3, 'A-F', 'WED:10.00-12.00', 1, 'Ready to registration', '2024-02-01 14:13:27'),
(1238, 'Media Literacy', 4, '1', 3, 'A-F', 'WED:10.00-12.00', 6, 'Ready to registration', '2024-02-01 14:13:27'),
(1239, 'Leadership and Compassion', 5, '1', 3, 'A-F', 'THU:13.00-15.00', 1, 'Ready to registration', '2024-02-01 14:13:27'),
(1241, 'Western Music in Daily Life', 4, '1', 3, 'A-F', 'WED:10.00-12.00', 2, 'Ready to registration', '2024-02-01 14:13:27'),
(1242, 'Creative Thinking and Innovation', 4, '1', 3, 'A-F', 'WED:10.00-12.00', 7, 'Ready to registration', '2024-02-01 14:13:27'),
(1251, 'Group Dynamics and Teamwork', 5, '1', 3, 'A-F', 'THU:13.00-15.00', 2, 'Ready to registration', '2024-02-01 14:13:27'),
(1252, 'Naresuan Studies', 5, '1', 3, 'A-F', 'THU:13.00-15.00', 2, 'Ready to registration', '2024-02-01 14:13:27'),
(1253, 'Entrepreneurship for Small Business Start-up', 4, '1', 3, 'A-F', 'WED:10.00-12.00', 7, 'Ready to registration', '2024-02-01 14:13:27'),
(1254, 'The King’s Philosophy for Living', 5, '1', 3, 'A-F', 'THU:13.00-15.00', 2, 'Ready to registration', '2024-02-01 14:13:27'),
(1271, 'Man and Environment', 6, '1', 3, 'A-F', 'THU:13.00-15.00', 5, 'Ready to registration', '2024-02-01 14:13:27'),
(1272, 'Introduction to Computer Information Science', 6, '1', 3, 'A-F', 'THU:13.00-15.00', 5, 'Ready to registration', '2024-02-01 14:13:27'),
(1273, 'Mathematics and Statistics in Everyday Life', 6, '1', 3, 'A-F', 'THU:13.00-15.00', 5, 'Ready to registration', '2024-02-01 14:13:27'),
(1274, 'Drugs and Chemicals in Daily Life', 6, '1', 3, 'A-F', 'THU:13.00-15.00', 2, 'Ready to registration', '2024-02-01 14:13:27'),
(1275, 'Food and Life Style', 6, '1', 3, 'A-F', 'THU:13.00-15.00', 2, 'Ready to registration', '2024-02-01 14:13:27'),
(1276, 'Energy and Technology around Us', 4, '1', 3, 'A-F', 'WED:10.00-12.00', 7, 'Ready to registration', '2024-02-01 14:13:27'),
(1277, 'Human Behavior', 6, '1', 3, 'A-F', 'THU:13.00-15.00', 8, 'Ready to registration', '2024-02-01 14:13:27'),
(1278, 'Life and Health', 6, '1', 3, 'A-F', 'THU:13.00-15.00', 7, 'Ready to registration', '2024-02-01 14:13:27'),
(1279, 'Science in Everyday Life', 6, '1', 3, 'A-F', 'THU:13.00-15.00', 7, 'Ready to registration', '2024-02-01 14:13:27'),
(1281, 'Sports and Exercises', 7, '1', 1, 'A-F', 'FRI:15.00-17.00', 8, 'Ready to registration', '2024-02-01 14:13:27'),
(1291, 'Consumption in Daily Life', 6, '1', 3, 'A-F', 'THU:13.00-15.00', 7, 'Ready to registration', '2024-02-01 14:13:27'),
(1292, 'Circular Economic Lifestyle for 21st Century', 6, '1', 3, 'A-F', 'THU:13.00-15.00', 8, 'Ready to registration', '2024-02-01 14:13:27'),
(1301, 'Thai Language for Academic Communication', 2, '1', 3, 'A-F', 'MON:8.00-10.00', 2, 'Ready to registration', '2024-02-01 14:13:27'),
(1302, 'Thai Language for Communication in the 21st Century', 2, '1', 3, 'A-F', 'MON:8.00-10.00', 4, 'Ready to registration', '2024-02-01 14:13:27'),
(1303, 'Reading in the Digital Age Century', 2, '1', 3, 'A-F', 'MON:10.00-12.00', 5, 'Ready to registration', '2024-02-01 14:13:27'),
(1311, 'Korean for Communication', 3, '1', 3, 'A-F', 'MON:8.00-10.00', 3, 'Ready to registration', '2024-02-01 14:13:27'),
(1312, 'Japanese for Communication', 3, '1', 3, 'A-F', 'MON:8.00-10.00', 3, 'Ready to registration', '2024-02-01 14:13:27'),
(1313, 'Chinese for Communication', 3, '1', 3, 'A-F', 'MON:8.00-10.00', 10, 'Ready to registration', '2024-02-01 14:13:27'),
(1314, 'Myanmar for Communication', 3, '1', 3, 'A-F', 'MON:8.00-10.00', 10, 'Ready to registration', '2024-02-01 14:13:27'),
(1315, 'French for Communication', 3, '1', 3, 'A-F', 'MON:8.00-10.00', 3, 'Ready to registration', '2024-02-01 14:13:27'),
(1316, 'Spanish for Communication', 3, '1', 3, 'A-F', 'MON:8.00-10.00', 3, 'Ready to registration', '2024-02-01 14:13:27'),
(1317, 'Lao for Communication', 3, '1', 3, 'A-F', 'MON:8.00-10.00', 10, 'Ready to registration', '2024-02-01 14:13:27'),
(1318, 'Indonesian for Communication', 3, '1', 3, 'A-F', 'MON:8.00-10.00', 10, 'Ready to registration', '2024-02-01 14:13:27'),
(1319, 'Vietnamese for Communication', 3, '1', 3, 'A-F', 'MON:8.00-10.00', 3, 'Ready to registration', '2024-02-01 14:13:27'),
(1320, 'Hindi for Communication', 3, '1', 3, 'A-F+', 'MON:8.00-10.00', 3, 'Ready to registration', '2024-02-01 14:13:27'),
(1321, 'Khmer for Communication', 3, '1', 3, 'A-F', 'MON:8.00-10.00', 3, 'Ready to registration', '2024-02-01 14:13:27'),
(1331, 'Social Innovation', 4, '1', 3, 'A-F', 'WED:10.00-12.00', 8, 'Ready to registration', '2024-02-01 14:13:27'),
(1332, 'Introduction to Data Management in Digital Era', 4, '1', 3, 'A-F', 'WED:10.00-12.00', 8, 'Ready to registration', '2024-02-01 14:13:27'),
(1351, 'From Sufficiency Economy Philosophy (SEP) to Practice', 5, '1', 3, 'A-F', 'THU:13.00-15.00', 4, 'Ready to registration', '2024-02-01 14:13:27'),
(1352, 'Peace and Religion for Human Kinds', 5, '1', 3, 'A-F', 'THU:13.00-15.00', 4, 'Ready to registration', '2024-02-01 14:13:27'),
(1353, 'Principles of Accounting for Entrepreneur', 5, '1', 3, 'A-F', 'THU:13.00-15.00', 4, 'Ready to registration', '2024-02-01 14:13:27');

-- --------------------------------------------------------

--
-- Table structure for table `subjectclass`
--

CREATE TABLE `subjectclass` (
  `SC_ID` int(10) NOT NULL,
  `SC_name` varchar(255) NOT NULL
) ENGINE=InnoDB DEFAULT CHARSET=utf8 COLLATE=utf8_general_ci;

--
-- Dumping data for table `subjectclass`
--

INSERT INTO `subjectclass` (`SC_ID`, `SC_name`) VALUES
(1, 'กลุ่มภาษาอังกฤษ'),
(2, 'กลุ่มภาษาไทย'),
(3, 'วิชาเลือก'),
(4, 'กลุ่มวิชามนุษยศาสตร์'),
(5, 'กลุ่มวิชาสังคมศาสตร์'),
(6, 'กลุ่มวิชาวิทยาศาสตร์และคณิตศาสตร์'),
(7, 'กลุ่มวิชาพลานามัย');

-- --------------------------------------------------------

--
-- Table structure for table `subjectenrollments`
--

CREATE TABLE `subjectenrollments` (
  `SubjectEnrollments_ID` int(10) NOT NULL,
  `SubjectEnrollments_SubjectID` int(10) NOT NULL,
  `SubjectEnrollments_TeacherID` int(10) NOT NULL,
  `SubjectEnrollments_StudentID` int(10) NOT NULL,
  `SumSubject_point` int(3) DEFAULT NULL,
  `SubjectEnrollments_grade` varchar(1) DEFAULT NULL,
  `Date_added` timestamp NOT NULL DEFAULT current_timestamp(),
  `Year` int(10) DEFAULT NULL,
  `Semester` varchar(10) DEFAULT NULL
) ENGINE=InnoDB DEFAULT CHARSET=utf8 COLLATE=utf8_general_ci;

--
-- Dumping data for table `subjectenrollments`
--

INSERT INTO `subjectenrollments` (`SubjectEnrollments_ID`, `SubjectEnrollments_SubjectID`, `SubjectEnrollments_TeacherID`, `SubjectEnrollments_StudentID`, `SumSubject_point`, `SubjectEnrollments_grade`, `Date_added`, `Year`, `Semester`) VALUES
(1, 1213, 3, 63314577, 60, 'C', '2023-02-08 01:00:01', 2560, 'Semester1'),
(2, 1221, 4, 63314577, NULL, NULL, '2023-02-06 01:00:01', 2560, 'Semester1'),
(3, 1222, 3, 63314577, NULL, NULL, '2023-02-08 01:30:01', 2560, 'Semester1'),
(4, 1211, 3, 64310000, NULL, NULL, '2024-02-14 01:50:01', 2560, 'Semester1'),
(5, 1212, 3, 64310000, NULL, NULL, '2023-02-14 08:04:28', 2561, 'Semester1'),
(6, 1211, 3, 64364418, NULL, NULL, '2023-02-02 12:16:20', 2561, 'Semester2'),
(7, 1224, 4, 63314577, NULL, NULL, '2024-02-18 06:28:02', 2561, 'Semester2'),
(8, 1222, 3, 63314577, NULL, NULL, '2024-02-18 06:28:02', 2561, 'Semester2'),
(9, 1212, 3, 64364418, NULL, NULL, '2024-02-23 01:23:01', 2560, 'Semester1'),
(10, 1213, 3, 64364418, 70, 'B', '2024-02-23 01:18:01', 2560, 'Semester1'),
(11, 1221, 4, 64364418, NULL, NULL, '2023-02-07 02:20:01', 2560, 'Semester1'),
(12, 1222, 3, 64364418, NULL, NULL, '2024-02-23 01:10:01', 2560, 'Semester1'),
(13, 1222, 3, 64310000, NULL, NULL, '2024-02-23 01:40:01', 2560, 'Semester1'),
(14, 1222, 3, 64310000, NULL, NULL, '2024-02-23 02:00:01', 2560, 'Semester2'),
(15, 1222, 3, 64310000, NULL, NULL, '2024-02-23 01:11:01', 2560, 'Semester1'),
(16, 1222, 3, 64310000, NULL, NULL, '2024-02-23 01:55:01', 2560, 'Semester1'),
(17, 1222, 3, 64310000, NULL, NULL, '2024-02-23 01:50:01', 2560, 'Semester1'),
(18, 1222, 3, 64310000, NULL, NULL, '2024-02-23 02:00:01', 2560, 'Semester1'),
(19, 1222, 3, 64310000, NULL, NULL, '2024-02-23 01:10:01', 2560, 'Semester1'),
(20, 1222, 3, 64310000, NULL, NULL, '2024-02-23 01:33:01', 2560, 'Semester1'),
(21, 1222, 3, 64310000, NULL, NULL, '2024-02-23 01:05:01', 2560, 'Semester1'),
(22, 1222, 3, 64310000, NULL, NULL, '2024-02-23 02:10:01', 2560, 'Semester1'),
(23, 1222, 3, 64310000, NULL, NULL, '2024-02-23 01:40:01', 2560, 'Semester1'),
(24, 1222, 3, 64310000, NULL, NULL, '2024-02-23 01:10:01', 2560, 'Semester1'),
(25, 1222, 3, 64310000, NULL, NULL, '2024-02-23 02:00:01', 2560, 'Semester1'),
(26, 1224, 4, 64310000, NULL, NULL, '2024-02-22 20:18:40', NULL, NULL),
(27, 1226, 5, 64310000, NULL, NULL, '2023-02-01 20:18:40', NULL, NULL),
(28, 1231, 8, 64310000, NULL, NULL, '2024-02-22 20:18:56', NULL, NULL),
(29, 1241, 2, 64364418, NULL, NULL, '2024-02-22 23:36:20', NULL, NULL),
(30, 1242, 7, 64364418, NULL, NULL, '2024-02-22 23:36:20', NULL, NULL),
(31, 1254, 2, 64364418, NULL, NULL, '2024-02-22 23:36:20', NULL, NULL),
(32, 1274, 2, 64364418, NULL, NULL, '2024-02-22 23:36:20', NULL, NULL),
(33, 1314, 10, 64364418, NULL, NULL, '2024-02-22 23:36:20', NULL, NULL);

-- --------------------------------------------------------

--
-- Table structure for table `teacher_eva`
--

CREATE TABLE `teacher_eva` (
  `eva_ID` int(10) NOT NULL,
  `enroll_ID` int(10) NOT NULL,
  `Stu_ID` int(10) NOT NULL,
  `Teacher_ID` int(10) NOT NULL,
  `Teacher_subject` int(10) NOT NULL,
  `Teacher_score` int(3) NOT NULL,
  `comment` varchar(255) NOT NULL,
  `Date_added` timestamp NOT NULL DEFAULT current_timestamp()
) ENGINE=InnoDB DEFAULT CHARSET=utf8 COLLATE=utf8_general_ci;

--
-- Dumping data for table `teacher_eva`
--

INSERT INTO `teacher_eva` (`eva_ID`, `enroll_ID`, `Stu_ID`, `Teacher_ID`, `Teacher_subject`, `Teacher_score`, `comment`, `Date_added`) VALUES
(1, 1, 63314577, 3, 1213, 100, 'สอนดีมาก', '2024-02-18 05:33:50'),
(2, 2, 63314577, 4, 1221, 70, 'Nice teaching', '2024-02-18 05:43:32'),
(3, 3, 64316772, 32, 1313, 67, '2131', '2024-04-07 15:10:20'),
(4, 8, 63314577, 3, 1222, 70, 'dsa', '2024-04-07 15:29:57');

-- --------------------------------------------------------

--
-- Table structure for table `title`
--

CREATE TABLE `title` (
  `Title_ID` int(10) NOT NULL,
  `Title_name` varchar(255) NOT NULL
) ENGINE=InnoDB DEFAULT CHARSET=utf8 COLLATE=utf8_general_ci;

--
-- Dumping data for table `title`
--

INSERT INTO `title` (`Title_ID`, `Title_name`) VALUES
(1, 'นาย'),
(2, 'นางสาว'),
(3, 'นาง'),
(4, 'เด็กชาย'),
(5, 'เด็กหญิง'),
(6, 'อ.'),
(7, 'ดร.'),
(8, 'ผศ.'),
(9, 'พระ'),
(10, 'สามเณร');

-- --------------------------------------------------------

--
-- Table structure for table `user`
--

CREATE TABLE `user` (
  `User_ID` int(10) NOT NULL,
  `User_LOG` varchar(255) NOT NULL,
  `User_Role` varchar(255) NOT NULL,
  `User_pass` varchar(255) NOT NULL
) ENGINE=InnoDB DEFAULT CHARSET=utf8 COLLATE=utf8_general_ci;

--
-- Dumping data for table `user`
--

INSERT INTO `user` (`User_ID`, `User_LOG`, `User_Role`, `User_pass`) VALUES
(0, 'admin_configer_1', 'admin', 'admin999'),
(1, 'somchai@example.com', 'Employee', 'arjan001'),
(2, 'somrak@example.com', 'Teacher', 'arjan001'),
(3, 'john@example.com', 'Teacher', 'arjan001'),
(4, 'ratree@example.com', 'Teacher', 'arjan001'),
(5, 'somjai@example.com', 'Teacher', 'arjan001'),
(6, 'somrudee@example.com', 'Employee', 'arjan001'),
(7, 'somnath@example.com', 'Teacher', 'arjan001'),
(8, 'wit@example.com', 'Teacher', 'arjan001'),
(9, 'somchuen@example.com', 'Teacher', 'arjan001'),
(10, 'emily@example.com', 'Teacher', 'arjan001'),
(63314577, '63314577', 'Student', 'stu001'),
(63710044, '63710044', 'Student', 'stu001'),
(64003341, '64003341', 'Student', 'stu001'),
(64004452, '64004452', 'Student', 'stu001'),
(64008731, '64008731', 'Student', 'stu001'),
(64310000, '64310000', 'Student', 'stu001'),
(64341121, '64341121', 'Student', 'stu001'),
(64364418, '64364418', 'Student', 'stu001'),
(65001421, '65001421', 'Student', 'stu001'),
(65312546, '65312546', 'Student', 'stu001'),
(65312557, '65312557', 'Student', 'stu001'),
(65364212, '65364212', 'Student', 'stu001'),
(65711556, '65711556', 'Student', 'stu001'),
(66001211, '66001211', 'Student', 'stu001'),
(66004451, '66004451', 'Student', 'stu001'),
(66004552, '66004552', 'Student', 'stu001'),
(66314155, '66314155', 'Student', 'stu001'),
(66711465, '66711465', 'Student', 'stu001');

--
-- Indexes for dumped tables
--

--
-- Indexes for table `area`
--
ALTER TABLE `area`
  ADD PRIMARY KEY (`Area_id`);

--
-- Indexes for table `courses`
--
ALTER TABLE `courses`
  ADD PRIMARY KEY (`Course_ID`);

--
-- Indexes for table `department`
--
ALTER TABLE `department`
  ADD PRIMARY KEY (`Dep_ID`),
  ADD KEY `Major_ID` (`Major_ID`);

--
-- Indexes for table `employee`
--
ALTER TABLE `employee`
  ADD PRIMARY KEY (`EM_ID`),
  ADD KEY `EM_title` (`EM_title`),
  ADD KEY `EM_gender` (`EM_gender`),
  ADD KEY `EM_nationality` (`EM_nationality`),
  ADD KEY `EM_major` (`EM_major`),
  ADD KEY `EM_department` (`EM_department`),
  ADD KEY `EM_position` (`EM_position`),
  ADD KEY `EM_live` (`EM_live`),
  ADD KEY `EM_religion` (`EM_religion`);

--
-- Indexes for table `gender`
--
ALTER TABLE `gender`
  ADD PRIMARY KEY (`Gender_ID`);

--
-- Indexes for table `major`
--
ALTER TABLE `major`
  ADD PRIMARY KEY (`Major_ID`);

--
-- Indexes for table `nationality`
--
ALTER TABLE `nationality`
  ADD PRIMARY KEY (`Na_id`);

--
-- Indexes for table `position`
--
ALTER TABLE `position`
  ADD PRIMARY KEY (`Position_ID`);

--
-- Indexes for table `province`
--
ALTER TABLE `province`
  ADD PRIMARY KEY (`Province_ID`),
  ADD KEY `Province_Area` (`Province_Area`);

--
-- Indexes for table `religion`
--
ALTER TABLE `religion`
  ADD PRIMARY KEY (`Religion_ID`);

--
-- Indexes for table `student`
--
ALTER TABLE `student`
  ADD PRIMARY KEY (`Stu_id`),
  ADD KEY `Stu_gender` (`Stu_gender`),
  ADD KEY `Stu_nationality` (`Stu_nationality`),
  ADD KEY `Stu_title` (`Stu_title`),
  ADD KEY `Stu_department` (`Stu_department`),
  ADD KEY `Stu_major` (`Stu_major`),
  ADD KEY `Stu_live` (`Stu_live`),
  ADD KEY `Stu_religion` (`Stu_religion`);

--
-- Indexes for table `subject`
--
ALTER TABLE `subject`
  ADD PRIMARY KEY (`Subject_ID`),
  ADD KEY `Subject_class` (`Subject_class`),
  ADD KEY `Subject_teacher` (`Subject_teacher`);

--
-- Indexes for table `subjectclass`
--
ALTER TABLE `subjectclass`
  ADD PRIMARY KEY (`SC_ID`);

--
-- Indexes for table `subjectenrollments`
--
ALTER TABLE `subjectenrollments`
  ADD PRIMARY KEY (`SubjectEnrollments_ID`);

--
-- Indexes for table `teacher_eva`
--
ALTER TABLE `teacher_eva`
  ADD PRIMARY KEY (`eva_ID`),
  ADD KEY `enroll_ID` (`enroll_ID`),
  ADD KEY `Stu_ID` (`Stu_ID`),
  ADD KEY `Teacher_ID` (`Teacher_ID`),
  ADD KEY `Teacher_subject` (`Teacher_subject`);

--
-- Indexes for table `title`
--
ALTER TABLE `title`
  ADD PRIMARY KEY (`Title_ID`);

--
-- Indexes for table `user`
--
ALTER TABLE `user`
  ADD PRIMARY KEY (`User_ID`);

--
-- AUTO_INCREMENT for dumped tables
--

--
-- AUTO_INCREMENT for table `area`
--
ALTER TABLE `area`
  MODIFY `Area_id` int(10) NOT NULL AUTO_INCREMENT, AUTO_INCREMENT=7;

--
-- AUTO_INCREMENT for table `courses`
--
ALTER TABLE `courses`
  MODIFY `Course_ID` int(10) NOT NULL AUTO_INCREMENT, AUTO_INCREMENT=62;

--
-- AUTO_INCREMENT for table `department`
--
ALTER TABLE `department`
  MODIFY `Dep_ID` int(10) NOT NULL AUTO_INCREMENT, AUTO_INCREMENT=49;

--
-- AUTO_INCREMENT for table `employee`
--
ALTER TABLE `employee`
  MODIFY `EM_ID` int(10) NOT NULL AUTO_INCREMENT, AUTO_INCREMENT=51;

--
-- AUTO_INCREMENT for table `gender`
--
ALTER TABLE `gender`
  MODIFY `Gender_ID` int(10) NOT NULL AUTO_INCREMENT, AUTO_INCREMENT=4;

--
-- AUTO_INCREMENT for table `major`
--
ALTER TABLE `major`
  MODIFY `Major_ID` int(10) NOT NULL AUTO_INCREMENT, AUTO_INCREMENT=16;

--
-- AUTO_INCREMENT for table `nationality`
--
ALTER TABLE `nationality`
  MODIFY `Na_id` int(10) NOT NULL AUTO_INCREMENT, AUTO_INCREMENT=3;

--
-- AUTO_INCREMENT for table `position`
--
ALTER TABLE `position`
  MODIFY `Position_ID` int(10) NOT NULL AUTO_INCREMENT, AUTO_INCREMENT=9;

--
-- AUTO_INCREMENT for table `province`
--
ALTER TABLE `province`
  MODIFY `Province_ID` int(10) NOT NULL AUTO_INCREMENT, AUTO_INCREMENT=71;

--
-- AUTO_INCREMENT for table `student`
--
ALTER TABLE `student`
  MODIFY `Stu_id` int(10) NOT NULL AUTO_INCREMENT, AUTO_INCREMENT=66711468;

--
-- AUTO_INCREMENT for table `subject`
--
ALTER TABLE `subject`
  MODIFY `Subject_ID` int(10) NOT NULL AUTO_INCREMENT, AUTO_INCREMENT=1354;

--
-- AUTO_INCREMENT for table `subjectclass`
--
ALTER TABLE `subjectclass`
  MODIFY `SC_ID` int(10) NOT NULL AUTO_INCREMENT, AUTO_INCREMENT=8;

--
-- AUTO_INCREMENT for table `subjectenrollments`
--
ALTER TABLE `subjectenrollments`
  MODIFY `SubjectEnrollments_ID` int(10) NOT NULL AUTO_INCREMENT, AUTO_INCREMENT=34;

--
-- AUTO_INCREMENT for table `teacher_eva`
--
ALTER TABLE `teacher_eva`
  MODIFY `eva_ID` int(10) NOT NULL AUTO_INCREMENT, AUTO_INCREMENT=5;

--
-- AUTO_INCREMENT for table `title`
--
ALTER TABLE `title`
  MODIFY `Title_ID` int(10) NOT NULL AUTO_INCREMENT, AUTO_INCREMENT=11;

--
-- Constraints for dumped tables
--

--
-- Constraints for table `department`
--
ALTER TABLE `department`
  ADD CONSTRAINT `department_ibfk_1` FOREIGN KEY (`Major_ID`) REFERENCES `major` (`Major_ID`) ON DELETE CASCADE;

--
-- Constraints for table `employee`
--
ALTER TABLE `employee`
  ADD CONSTRAINT `employee_ibfk_1` FOREIGN KEY (`EM_title`) REFERENCES `title` (`Title_ID`),
  ADD CONSTRAINT `employee_ibfk_2` FOREIGN KEY (`EM_gender`) REFERENCES `gender` (`Gender_ID`),
  ADD CONSTRAINT `employee_ibfk_3` FOREIGN KEY (`EM_nationality`) REFERENCES `nationality` (`Na_id`),
  ADD CONSTRAINT `employee_ibfk_4` FOREIGN KEY (`EM_major`) REFERENCES `major` (`Major_ID`),
  ADD CONSTRAINT `employee_ibfk_5` FOREIGN KEY (`EM_department`) REFERENCES `department` (`Dep_ID`),
  ADD CONSTRAINT `employee_ibfk_6` FOREIGN KEY (`EM_position`) REFERENCES `position` (`Position_ID`),
  ADD CONSTRAINT `employee_ibfk_7` FOREIGN KEY (`EM_live`) REFERENCES `province` (`Province_ID`),
  ADD CONSTRAINT `employee_ibfk_8` FOREIGN KEY (`EM_religion`) REFERENCES `religion` (`Religion_ID`);

--
-- Constraints for table `province`
--
ALTER TABLE `province`
  ADD CONSTRAINT `province_ibfk_1` FOREIGN KEY (`Province_Area`) REFERENCES `area` (`Area_id`);

--
-- Constraints for table `student`
--
ALTER TABLE `student`
  ADD CONSTRAINT `student_ibfk_1` FOREIGN KEY (`Stu_gender`) REFERENCES `gender` (`Gender_ID`),
  ADD CONSTRAINT `student_ibfk_2` FOREIGN KEY (`Stu_nationality`) REFERENCES `nationality` (`Na_id`),
  ADD CONSTRAINT `student_ibfk_3` FOREIGN KEY (`Stu_title`) REFERENCES `title` (`Title_ID`),
  ADD CONSTRAINT `student_ibfk_4` FOREIGN KEY (`Stu_department`) REFERENCES `department` (`Dep_ID`),
  ADD CONSTRAINT `student_ibfk_5` FOREIGN KEY (`Stu_major`) REFERENCES `major` (`Major_ID`) ON DELETE CASCADE,
  ADD CONSTRAINT `student_ibfk_6` FOREIGN KEY (`Stu_live`) REFERENCES `province` (`Province_ID`),
  ADD CONSTRAINT `student_ibfk_7` FOREIGN KEY (`Stu_religion`) REFERENCES `religion` (`Religion_ID`);

--
-- Constraints for table `subject`
--
ALTER TABLE `subject`
  ADD CONSTRAINT `subject_ibfk_1` FOREIGN KEY (`Subject_class`) REFERENCES `subjectclass` (`SC_ID`),
  ADD CONSTRAINT `subject_ibfk_2` FOREIGN KEY (`Subject_teacher`) REFERENCES `employee` (`EM_ID`);
COMMIT;

/*!40101 SET CHARACTER_SET_CLIENT=@OLD_CHARACTER_SET_CLIENT */;
/*!40101 SET CHARACTER_SET_RESULTS=@OLD_CHARACTER_SET_RESULTS */;
/*!40101 SET COLLATION_CONNECTION=@OLD_COLLATION_CONNECTION */;
